Category,Specialty,Patient Question,Sample Answer
Primary Care,General,I’ve been feeling unusually tired lately—could this be related to anemia or another condition?,"Yes, fatigue can be caused by anemia, thyroid issues, sleep disorders, or even stress. A blood test can help us narrow it down."
Primary Care,General,I’ve had a persistent cough for three weeks. Should I be worried about something serious?,"A cough lasting more than three weeks could be due to allergies, asthma, or an infection. We should examine you and possibly order a chest X-ray."
Primary Care,General,What changes can I make to my diet and exercise routine to better manage my cholesterol?,"Focus on eating more fiber-rich foods like oats, fruits, and vegetables, and reduce saturated fats. Aim for 30 minutes of moderate exercise most days."
Primary Care,General,"Do I need any vaccines at my age, and which ones would you recommend?","Depending on your age and health history, you may need flu, pneumococcal, shingles, or Tdap vaccines. Let’s review your immunization record."
Primary Care,General,How often should I schedule check-ups for my condition?,"For chronic conditions like hypertension or diabetes, every 3–6 months is typical. If your condition is stable, we may space it out."
Primary Care,General,What warning signs should I look out for that mean I should come back sooner?,"Watch for symptoms like chest pain, sudden dizziness, shortness of breath, or unusual swelling. If anything feels off, come in right away."
Specialist,Cardiology,I sometimes feel chest pain when exercising. Could this be related to heart disease?,"It could be angina, which is a sign of reduced blood flow to the heart. We should do an ECG and possibly a stress test."
Specialist,Cardiology,What tests do I need to evaluate my risk for heart attack or stroke?,"A lipid panel, blood pressure check, ECG, and possibly a coronary calcium scan can help assess your risk."
Specialist,Dermatology,I have a mole that has changed in size and color. Should I get it checked for skin cancer?,"Yes, any changes in a mole’s size, shape, or color should be evaluated. We’ll do a dermoscopic exam and possibly a biopsy."
Specialist,Dermatology,What treatment options are available for chronic eczema?,"Treatments include topical steroids, moisturizers, antihistamines, and in severe cases, immunomodulators."
Specialist,Endocrinology,How can I better manage my blood sugar levels with diet and medication?,"Focus on low-glycemic foods, regular meals, and consistent medication timing. We can adjust your plan based on your glucose readings."
Specialist,Endocrinology,Do I need to adjust my insulin dosage when I exercise more frequently?,"Yes, exercise can lower blood sugar, so you may need to reduce your insulin slightly. Let’s monitor your levels and adjust safely."
Specialist,Orthopedics,I’ve had knee pain for months. Do I need an MRI or physical therapy?,"If pain persists despite rest and basic treatment, an MRI can help identify structural issues. Physical therapy is often a good first step."
Specialist,Orthopedics,What are the recovery steps after a minor fracture?,"Rest, immobilization, and gradual rehabilitation are key. We’ll monitor healing with follow-up X-rays."
Specialist,Gastroenterology,Can you explain what happens during a colonoscopy and how I should prepare?,A colonoscopy involves inserting a camera into the colon to check for polyps or inflammation. You’ll need to follow a bowel prep the day before.
Specialist,Gastroenterology,I often experience bloating and stomach pain. Could this be irritable bowel syndrome?,It’s possible. IBS is diagnosed based on symptoms and ruling out other conditions. We can explore dietary changes and medications.
Primary Care,General,I often feel dizzy when standing up quickly. Should I be concerned?,Dizziness can be unsettling. It may be related to blood pressure changes or dehydration. We’ll check your vitals and run simple tests to keep you safe.
Primary Care,General,I’ve been having trouble sleeping lately. What can I do?,"Sleep issues are common. We’ll talk about your routine, stress levels, and possible medical causes, then find strategies to help you rest better."
Primary Care,General,I feel short of breath when climbing stairs. Could this be serious?,"Shortness of breath can be linked to heart, lung, or fitness issues. We’ll examine you and may run tests to understand the cause."
,,,
Cardiology,Heart,My blood pressure readings are often high at home. Should I adjust my medication?,"It’s good you’re monitoring at home. High readings can mean your medication needs adjustment, but let’s review your log and confirm before making changes."
Cardiology,Heart,I sometimes feel my heart racing suddenly. Is this dangerous?,Palpitations can be harmless or a sign of arrhythmia. We’ll do an ECG and possibly a Holter monitor to understand what’s happening.
,,,
Dermatology,Skin,I have persistent acne that doesn’t improve with over-the-counter creams. What are my options?,Acne can be frustrating. Prescription treatments like topical retinoids or oral medication may help. We’ll tailor a plan to your skin’s needs.
Dermatology,Skin,My skin gets very dry and itchy in winter. How can I manage this?,"Seasonal dryness is common. Using gentle cleansers, moisturizing often, and avoiding hot showers can help."
,,,
Endocrinology,Hormones,I’ve been gaining weight despite eating carefully. Could this be thyroid-related?,Weight changes can be linked to thyroid function. A simple blood test will help us check your hormone levels.
Endocrinology,Hormones,I feel shaky and sweaty sometimes before meals. Could this be low blood sugar?,"That sounds uncomfortable. It may be hypoglycemia. We’ll review your diet, medications, and glucose readings to find the cause."
,,,
Orthopedics,Bones,I sprained my ankle last week. How long will recovery take?,Most sprains heal in 2–6 weeks with rest and rehab. We’ll check the severity and guide you through safe recovery steps.
Orthopedics,Bones,I hear clicking in my shoulder when I move it. Should I worry?,"Clicking can be harmless, but if it’s painful, it may signal joint issues. We’ll examine your shoulder and decide if imaging is needed."
,,,
Gastroenterology,Digestion,I often have heartburn after meals. Could this be acid reflux?,Heartburn is often linked to acid reflux. We’ll discuss your diet and may suggest medication or lifestyle changes.
Gastroenterology,Digestion,I noticed blood in my stool. Should I be worried?,"Blood in stool can have several causes, from hemorrhoids to more serious conditions. We’ll investigate carefully with tests."
,,,
Neurology,Nerves,I’ve had trouble remembering things lately. Should I be concerned?,"Memory changes can be due to stress, sleep, or medical conditions. We’ll assess your history and may run cognitive tests."
Neurology,Nerves,I sometimes feel tingling in my arms. Could this be nerve-related?,Tingling can come from nerve compression or circulation issues. We’ll do a neurological exam and possibly imaging.
,,,
Psychiatry,Mental Health,I feel overwhelmed and can’t focus at work. What should I do?,"Stress and anxiety can affect focus. Therapy, coping strategies, and sometimes medication can help."
Psychiatry,Mental Health,I’ve lost interest in things I used to enjoy. Could this be depression?,Loss of interest can be a sign of depression. We’ll explore your symptoms together and discuss supportive treatment options.
,,,
Pediatrics,Children,My child has frequent stomach aches. Should I be worried?,"Stomach aches in children can be due to diet, stress, or medical issues. We’ll examine your child and decide if further tests are needed."
Pediatrics,Children,My baby isn’t sleeping through the night. Is this normal?,It’s very common for babies to wake at night. We’ll talk about sleep routines and feeding patterns to help you and your baby rest better.
,,,
Pulmonology,Lungs,I’ve been coughing up mucus for weeks. Could this be chronic bronchitis?,A lingering cough can be linked to bronchitis or other lung conditions. We’ll do a lung exam and possibly a chest X-ray.
Pulmonology,Lungs,I get winded easily when exercising. Could this be asthma?,Exercise-related breathlessness can be asthma or another condition. Breathing tests will help us find answers.
,,,
Oncology,Cancer,I’m worried about my family history of cancer. Should I get screened earlier?,Family history can increase risk. We’ll review your background and recommend screenings like mammograms or colonoscopies earlier if needed.
Oncology,Cancer,What side effects should I expect from chemotherapy?,"Common side effects include fatigue, nausea, and hair loss. We’ll support you with medications and care strategies to ease these effects."
,,,
Ophthalmology,Eyes,My vision is blurry and I see floaters. Should I be worried?,"Floaters are often harmless, but sudden changes can signal retinal issues. We’ll do a full eye exam to be safe."
Ophthalmology,Eyes,I’ve been diagnosed with glaucoma. What does treatment involve?,"Glaucoma is managed with eye drops, laser therapy, or surgery to reduce eye pressure. We’ll tailor treatment to protect your vision."
,,,
Gynecology,Women’s Health,I have severe pain during my periods. Could this be endometriosis?,Painful periods can be linked to endometriosis. We’ll discuss your symptoms and may do imaging or laparoscopy to confirm.
Gynecology,Women’s Health,What screenings do I need in my 40s?,"In your 40s, screenings like Pap smears, mammograms, and pelvic exams are important. We’ll personalize based on your history."
